"Mean","Median","SD","Min","Max"
57.3809523809524,57,29.8370175963956,9,99
